1. SELECT name, salary FROM employees WHERE salary>=ANY(SELECT MAX(salary) FROM employees);
+--------+--------+
| name   | salary |
+--------+--------+
| Hannah |  75000 |
+--------+--------+
1 row in set (0.00 sec)

2. SELECT name, salary FROM employees WHERE salary<=ANY(SELECT MIN(salary) FROM employees);
+-------+--------+
| name  | salary |
+-------+--------+
| Grace |  48000 |
+-------+--------+
1 row in set (0.00 sec)

3. 